CLIP_dt,refine
0.2985372543334961,0.6254792213439941
0.3244297504425049,0.9880285263061523
0.3541128635406494,1.186189889907837
0.4029107093811035,0.6268055438995361
