CLIP_dt,refine
0.3759195804595947,0.9075884819030762
